<?xml version="1.0" encoding="UTF-8"?>
<GenRun Id="impl_1" LaunchPart="xc7a35tcpg236-1" LaunchTime="1505723094">
  <File Type="OPT-DCP" Name="single_pulse_counter_opt.dcp"/>
  <File Type="ROUTE-STATUS-PB" Name="single_pulse_counter_route_status.pb"/>
  <File Type="PA-TCL" Name="single_pulse_counter.tcl"/>
  <File Type="RDI-RDI" Name="single_pulse_counter.vdi"/>
  <File Type="PWROPT-DRC" Name="single_pulse_counter_drc_pwropted.rpt"/>
  <File Type="OPT-METHODOLOGY-DRC" Name="single_pulse_counter_methodology_drc_opted.rpt"/>
  <File Type="INIT-TIMING" Name="single_pulse_counter_timing_summary_init.rpt"/>
  <File Type="OPT-DRC" Name="single_pulse_counter_drc_opted.rpt"/>
  <File Type="PWROPT-DCP" Name="single_pulse_counter_pwropt.dcp"/>
  <File Type="OPT-HWDEF" Name="single_pulse_counter.hwdef"/>
  <File Type="OPT-TIMING" Name="single_pulse_counter_timing_summary_opted.rpt"/>
  <File Type="PWROPT-TIMING" Name="single_pulse_counter_timing_summary_pwropted.rpt"/>
  <File Type="PLACE-DCP" Name="single_pulse_counter_placed.dcp"/>
  <File Type="PLACE-IO" Name="single_pulse_counter_io_placed.rpt"/>
  <File Type="PLACE-CLK" Name="single_pulse_counter_clock_utilization_placed.rpt"/>
  <File Type="PLACE-UTIL" Name="single_pulse_counter_utilization_placed.rpt"/>
  <File Type="PLACE-UTIL-PB" Name="single_pulse_counter_utilization_placed.pb"/>
  <File Type="PLACE-CTRL" Name="single_pulse_counter_control_sets_placed.rpt"/>
  <File Type="PLACE-SIMILARITY" Name="single_pulse_counter_incremental_reuse_placed.rpt"/>
  <File Type="PLACE-PRE-SIMILARITY" Name="single_pulse_counter_incremental_reuse_pre_placed.rpt"/>
  <File Type="PLACE-TIMING" Name="single_pulse_counter_timing_summary_placed.rpt"/>
  <File Type="POSTPLACE-PWROPT-DCP" Name="single_pulse_counter_postplace_pwropt.dcp"/>
  <File Type="POSTPLACE-PWROPT-TIMING" Name="single_pulse_counter_timing_summary_postplace_pwropted.rpt"/>
  <File Type="PHYSOPT-DCP" Name="single_pulse_counter_physopt.dcp"/>
  <File Type="PHYSOPT-DRC" Name="single_pulse_counter_drc_physopted.rpt"/>
  <File Type="PHYSOPT-TIMING" Name="single_pulse_counter_timing_summary_physopted.rpt"/>
  <File Type="ROUTE-DCP" Name="single_pulse_counter_routed.dcp"/>
  <File Type="ROUTE-BLACKBOX-DCP" Name="single_pulse_counter_routed_bb.dcp"/>
  <File Type="ROUTE-DRC" Name="single_pulse_counter_drc_routed.rpt"/>
  <File Type="ROUTE-DRC-PB" Name="single_pulse_counter_drc_routed.pb"/>
  <File Type="ROUTE-METHODOLOGY-DRC" Name="single_pulse_counter_methodology_drc_routed.rpt"/>
  <File Type="BG-BIT" Name="single_pulse_counter.bit"/>
  <File Type="ROUTE-METHODOLOGY-DRC-PB" Name="single_pulse_counter_methodology_drc_routed.pb"/>
  <File Type="ROUTE-PWR" Name="single_pulse_counter_power_routed.rpt"/>
  <File Type="ROUTE-PWR-SUM" Name="single_pulse_counter_power_summary_routed.pb"/>
  <File Type="ROUTE-PWR-RPX" Name="single_pulse_counter_power_routed.rpx"/>
  <File Type="ROUTE-STATUS" Name="single_pulse_counter_route_status.rpt"/>
  <File Type="ROUTE-TIMINGSUMMARY" Name="single_pulse_counter_timing_summary_routed.rpt"/>
  <File Type="ROUTE-TIMING-PB" Name="single_pulse_counter_timing_summary_routed.pb"/>
  <File Type="ROUTE-TIMING-RPX" Name="single_pulse_counter_timing_summary_routed.rpx"/>
  <File Type="ROUTE-SIMILARITY" Name="single_pulse_counter_incremental_reuse_routed.rpt"/>
  <File Type="ROUTE-CLK" Name="single_pulse_counter_clock_utilization_routed.rpt"/>
  <File Type="POSTROUTE-PHYSOPT-DCP" Name="single_pulse_counter_postroute_physopt.dcp"/>
  <File Type="POSTROUTE-PHYSOPT-BLACKBOX-DCP" Name="single_pulse_counter_postroute_physopt_bb.dcp"/>
  <File Type="POSTROUTE-PHYSOPT-TIMING" Name="single_pulse_counter_timing_summary_postroute_physopted.rpt"/>
  <File Type="POSTROUTE-PHYSOPT-TIMING-PB" Name="single_pulse_counter_timing_summary_postroute_physopted.pb"/>
  <File Type="POSTROUTE-PHYSOPT-TIMING-RPX" Name="single_pulse_counter_timing_summary_postroute_physopted.rpx"/>
  <File Type="BG-BIN" Name="single_pulse_counter.bin"/>
  <File Type="BITSTR-MSK" Name="single_pulse_counter.msk"/>
  <File Type="BITSTR-RBT" Name="single_pulse_counter.rbt"/>
  <File Type="BITSTR-NKY" Name="single_pulse_counter.nky"/>
  <File Type="BITSTR-BMM" Name="single_pulse_counter_bd.bmm"/>
  <File Type="BITSTR-MMI" Name="single_pulse_counter.mmi"/>
  <File Type="BITSTR-SYSDEF" Name="single_pulse_counter.sysdef"/>
  <File Type="BG-BGN" Name="single_pulse_counter.bgn"/>
  <File Type="BG-DRC" Name="single_pulse_counter.drc"/>
  <File Type="WBT-USG" Name="usage_statistics_webtalk.html"/>
  <FileSet Name="sources" Type="DesignSrcs" RelSrcDir="$PSRCDIR/sources_1">
    <Filter Type="Srcs"/>
    <File Path="$PSRCDIR/sources_1/new/slow_clock.v">
      <FileInfo>
        <Attr Name="ImportPath" Val="$PPRDIR/../../../../../../../../Vivado/Lab_3/Lab_3.srcs/sources_1/new/slow_clock.v"/>
        <Attr Name="ImportTime" Val="1505721147"/>
        <Attr Name="UsedIn" Val="synthesis"/>
        <Attr Name="UsedIn" Val="implementation"/>
        <Attr Name="UsedIn" Val="simulation"/>
      </FileInfo>
    </File>
    <File Path="$PSRCDIR/sources_1/new/my_dff.v">
      <FileInfo>
        <Attr Name="ImportPath" Val="$PPRDIR/../../../../../../../../Vivado/Lab_3/Lab_3.srcs/sources_1/new/my_dff.v"/>
        <Attr Name="ImportTime" Val="1505721123"/>
        <Attr Name="UsedIn" Val="synthesis"/>
        <Attr Name="UsedIn" Val="implementation"/>
        <Attr Name="UsedIn" Val="simulation"/>
      </FileInfo>
    </File>
    <File Path="$PSRCDIR/sources_1/new/single_pulse.v">
      <FileInfo>
        <Attr Name="ImportPath" Val="$PPRDIR/../../../../../../../../Vivado/Lab_3/Lab_3.srcs/sources_1/new/single_pulse.v"/>
        <Attr Name="ImportTime" Val="1505722660"/>
        <Attr Name="UsedIn" Val="synthesis"/>
        <Attr Name="UsedIn" Val="implementation"/>
        <Attr Name="UsedIn" Val="simulation"/>
      </FileInfo>
    </File>
    <File Path="$PSRCDIR/sources_1/new/single_pulse_counter.v">
      <FileInfo>
        <Attr Name="ImportPath" Val="$PPRDIR/../../../../../../../../Vivado/Lab_3/Lab_3.srcs/sources_1/new/single_pulse_counter.v"/>
        <Attr Name="ImportTime" Val="1505722830"/>
        <Attr Name="UsedIn" Val="synthesis"/>
        <Attr Name="UsedIn" Val="implementation"/>
        <Attr Name="UsedIn" Val="simulation"/>
      </FileInfo>
    </File>
    <File Path="$PSRCDIR/sources_1/new/slow_blinky_module.v">
      <FileInfo>
        <Attr Name="AutoDisabled" Val="1"/>
        <Attr Name="ImportPath" Val="$PPRDIR/../../../../../../../../Vivado/Lab_3/Lab_3.srcs/sources_1/new/slow_blinky_module.v"/>
        <Attr Name="ImportTime" Val="1505659091"/>
        <Attr Name="UsedIn" Val="synthesis"/>
        <Attr Name="UsedIn" Val="implementation"/>
        <Attr Name="UsedIn" Val="simulation"/>
      </FileInfo>
    </File>
    <File Path="$PSRCDIR/sources_1/new/blinky.v">
      <FileInfo>
        <Attr Name="AutoDisabled" Val="1"/>
        <Attr Name="ImportPath" Val="$PPRDIR/../../../../../../../../Vivado/Lab_3/Lab_3.srcs/sources_1/new/blinky.v"/>
        <Attr Name="ImportTime" Val="1505655993"/>
        <Attr Name="UsedIn" Val="synthesis"/>
        <Attr Name="UsedIn" Val="implementation"/>
        <Attr Name="UsedIn" Val="simulation"/>
      </FileInfo>
    </File>
    <Config>
      <Option Name="DesignMode" Val="RTL"/>
      <Option Name="TopModule" Val="single_pulse_counter"/>
    </Config>
  </FileSet>
  <FileSet Name="constrs_in" Type="Constrs" RelSrcDir="$PSRCDIR/constrs_1">
    <Filter Type="Constrs"/>
    <File Path="$PSRCDIR/constrs_1/imports/Source files/Basys3_Master.xdc">
      <FileInfo>
        <Attr Name="ImportPath" Val="$PPRDIR/../../../../../../../../OneDrive/Semester 1/EE2020 Digital Fundamentals/Source files/Basys3_Master.xdc"/>
        <Attr Name="ImportTime" Val="1504448174"/>
        <Attr Name="UsedIn" Val="synthesis"/>
        <Attr Name="UsedIn" Val="implementation"/>
      </FileInfo>
    </File>
    <Config>
      <Option Name="ConstrsType" Val="XDC"/>
    </Config>
  </FileSet>
  <Strategy Version="1" Minor="2">
    <StratHandle Name="Vivado Implementation Defaults" Flow="Vivado Implementation 2016"/>
    <Step Id="init_design"/>
    <Step Id="opt_design"/>
    <Step Id="power_opt_design"/>
    <Step Id="place_design"/>
    <Step Id="post_place_power_opt_design"/>
    <Step Id="phys_opt_design"/>
    <Step Id="route_design"/>
    <Step Id="post_route_phys_opt_design"/>
    <Step Id="write_bitstream"/>
  </Strategy>
</GenRun>
