<?xml version="1.0" encoding="UTF-8"?>
<GenRun Id="synth_1" LaunchPart="xc7a35tcpg236-1" LaunchTime="1507535763">
  <File Type="PA-TCL" Name="AUDIO_FX_TOP.tcl"/>
  <File Type="RDS-PROPCONSTRS" Name="AUDIO_FX_TOP_drc_synth.rpt"/>
  <File Type="RDS-RDS" Name="AUDIO_FX_TOP.vds"/>
  <File Type="RDS-UTIL" Name="AUDIO_FX_TOP_utilization_synth.rpt"/>
  <File Type="RDS-UTIL-PB" Name="AUDIO_FX_TOP_utilization_synth.pb"/>
  <File Type="RDS-DCP" Name="AUDIO_FX_TOP.dcp"/>
  <File Type="VDS-TIMINGSUMMARY" Name="AUDIO_FX_TOP_timing_summary_synth.rpt"/>
  <File Type="VDS-TIMING-PB" Name="AUDIO_FX_TOP_timing_summary_synth.pb"/>
  <FileSet Name="sources" Type="DesignSrcs" RelSrcDir="$PSRCDIR/sources_1">
    <Filter Type="Srcs"/>
    <File Path="$PSRCDIR/sources_1/new/SPI.v">
      <FileInfo>
        <Attr Name="ImportPath" Val="$PPRDIR/../../../../../../../../EE2020 EE2026 AY1718 SEM 1/audio_effects.srcs/sources_1/new/SPI.v"/>
        <Attr Name="ImportTime" Val="1507284396"/>
        <Attr Name="UsedIn" Val="synthesis"/>
        <Attr Name="UsedIn" Val="implementation"/>
        <Attr Name="UsedIn" Val="simulation"/>
      </FileInfo>
    </File>
    <File Path="$PSRCDIR/sources_1/new/clock_generator.v">
      <FileInfo>
        <Attr Name="ImportPath" Val="$PPRDIR/../../../../../../../../Vivado/audio_effects/audio_effects.srcs/sources_1/new/clock_generator.v"/>
        <Attr Name="ImportTime" Val="1507535745"/>
        <Attr Name="UsedIn" Val="synthesis"/>
        <Attr Name="UsedIn" Val="implementation"/>
        <Attr Name="UsedIn" Val="simulation"/>
      </FileInfo>
    </File>
    <File Path="$PSRCDIR/sources_1/imports/audio_effects.srcs/DA2CompRef.vhd">
      <FileInfo>
        <Attr Name="ImportPath" Val="$PPRDIR/../../../../../../../../EE2020 EE2026 AY1718 SEM 1/audio_effects.srcs/DA2CompRef.vhd"/>
        <Attr Name="ImportTime" Val="1506565364"/>
        <Attr Name="UsedIn" Val="synthesis"/>
        <Attr Name="UsedIn" Val="simulation"/>
      </FileInfo>
    </File>
    <File Path="$PSRCDIR/sources_1/new/AUDIO_FX_TOP.v">
      <FileInfo>
        <Attr Name="ImportPath" Val="$PPRDIR/../../../../../../../../EE2020 EE2026 AY1718 SEM 1/audio_effects.srcs/sources_1/new/AUDIO_FX_TOP.v"/>
        <Attr Name="ImportTime" Val="1507284394"/>
        <Attr Name="UsedIn" Val="synthesis"/>
        <Attr Name="UsedIn" Val="implementation"/>
        <Attr Name="UsedIn" Val="simulation"/>
      </FileInfo>
    </File>
    <File Path="$PSRCDIR/sources_1/imports/audio_effects/archive_project_summary.txt">
      <FileInfo>
        <Attr Name="ImportPath" Val="$PPRDIR/../../../../../../../../EE2020 EE2026 AY1718 SEM 1/Project Dev/jieyi_6oct/audio_effects/audio_effects/archive_project_summary.txt"/>
        <Attr Name="ImportTime" Val="1507296476"/>
      </FileInfo>
    </File>
    <File Path="$PPRDIR/../../../../../../../../Vivado/audio_effects/archive_project_summary.txt"/>
    <Config>
      <Option Name="DesignMode" Val="RTL"/>
      <Option Name="TopModule" Val="AUDIO_FX_TOP"/>
      <Option Name="TopAutoSet" Val="TRUE"/>
    </Config>
  </FileSet>
  <FileSet Name="constrs_in" Type="Constrs" RelSrcDir="$PSRCDIR/constrs_1">
    <Filter Type="Constrs"/>
    <File Path="$PSRCDIR/constrs_1/imports/Learn/Basys3_Master.xdc">
      <FileInfo>
        <Attr Name="ImportPath" Val="$PPRDIR/../../../../../../../../../../../../Learn/Basys3_Master.xdc"/>
        <Attr Name="ImportTime" Val="1490081536"/>
        <Attr Name="UsedIn" Val="synthesis"/>
        <Attr Name="UsedIn" Val="implementation"/>
      </FileInfo>
    </File>
    <Config>
      <Option Name="TargetConstrsFile" Val="$PSRCDIR/constrs_1/imports/Learn/Basys3_Master.xdc"/>
      <Option Name="ConstrsType" Val="XDC"/>
    </Config>
  </FileSet>
  <Strategy Version="1" Minor="2">
    <StratHandle Name="Vivado Synthesis Defaults" Flow="Vivado Synthesis 2014"/>
    <Step Id="synth_design"/>
  </Strategy>
</GenRun>
