<?xml version="1.0" encoding="UTF-8"?>
<GenRun Id="impl_1" LaunchPart="xc7a35tcpg236-1" LaunchTime="1504509122">
  <File Type="ROUTE-STATUS-PB" Name="add_overall_switch_route_status.pb"/>
  <File Type="PA-TCL" Name="add_overall_switch.tcl"/>
  <File Type="OPT-DCP" Name="add_overall_switch_opt.dcp"/>
  <File Type="INIT-TIMING" Name="add_overall_switch_timing_summary_init.rpt"/>
  <File Type="OPT-METHODOLOGY-DRC" Name="add_overall_switch_methodology_drc_opted.rpt"/>
  <File Type="RDI-RDI" Name="add_overall_switch.vdi"/>
  <File Type="PWROPT-DRC" Name="add_overall_switch_drc_pwropted.rpt"/>
  <File Type="OPT-DRC" Name="add_overall_switch_drc_opted.rpt"/>
  <File Type="PWROPT-DCP" Name="add_overall_switch_pwropt.dcp"/>
  <File Type="OPT-HWDEF" Name="add_overall_switch.hwdef"/>
  <File Type="OPT-TIMING" Name="add_overall_switch_timing_summary_opted.rpt"/>
  <File Type="PWROPT-TIMING" Name="add_overall_switch_timing_summary_pwropted.rpt"/>
  <File Type="PLACE-DCP" Name="add_overall_switch_placed.dcp"/>
  <File Type="PLACE-IO" Name="add_overall_switch_io_placed.rpt"/>
  <File Type="PLACE-CLK" Name="add_overall_switch_clock_utilization_placed.rpt"/>
  <File Type="PLACE-UTIL" Name="add_overall_switch_utilization_placed.rpt"/>
  <File Type="PLACE-UTIL-PB" Name="add_overall_switch_utilization_placed.pb"/>
  <File Type="PLACE-CTRL" Name="add_overall_switch_control_sets_placed.rpt"/>
  <File Type="PLACE-SIMILARITY" Name="add_overall_switch_incremental_reuse_placed.rpt"/>
  <File Type="PLACE-PRE-SIMILARITY" Name="add_overall_switch_incremental_reuse_pre_placed.rpt"/>
  <File Type="PLACE-TIMING" Name="add_overall_switch_timing_summary_placed.rpt"/>
  <File Type="POSTPLACE-PWROPT-DCP" Name="add_overall_switch_postplace_pwropt.dcp"/>
  <File Type="POSTPLACE-PWROPT-TIMING" Name="add_overall_switch_timing_summary_postplace_pwropted.rpt"/>
  <File Type="PHYSOPT-DCP" Name="add_overall_switch_physopt.dcp"/>
  <File Type="PHYSOPT-DRC" Name="add_overall_switch_drc_physopted.rpt"/>
  <File Type="PHYSOPT-TIMING" Name="add_overall_switch_timing_summary_physopted.rpt"/>
  <File Type="ROUTE-DCP" Name="add_overall_switch_routed.dcp"/>
  <File Type="ROUTE-BLACKBOX-DCP" Name="add_overall_switch_routed_bb.dcp"/>
  <File Type="ROUTE-DRC" Name="add_overall_switch_drc_routed.rpt"/>
  <File Type="ROUTE-DRC-PB" Name="add_overall_switch_drc_routed.pb"/>
  <File Type="ROUTE-METHODOLOGY-DRC" Name="add_overall_switch_methodology_drc_routed.rpt"/>
  <File Type="ROUTE-METHODOLOGY-DRC-PB" Name="add_overall_switch_methodology_drc_routed.pb"/>
  <File Type="BG-BIT" Name="add_overall_switch.bit"/>
  <File Type="ROUTE-PWR" Name="add_overall_switch_power_routed.rpt"/>
  <File Type="ROUTE-PWR-SUM" Name="add_overall_switch_power_summary_routed.pb"/>
  <File Type="ROUTE-PWR-RPX" Name="add_overall_switch_power_routed.rpx"/>
  <File Type="ROUTE-STATUS" Name="add_overall_switch_route_status.rpt"/>
  <File Type="ROUTE-TIMINGSUMMARY" Name="add_overall_switch_timing_summary_routed.rpt"/>
  <File Type="ROUTE-TIMING-PB" Name="add_overall_switch_timing_summary_routed.pb"/>
  <File Type="ROUTE-TIMING-RPX" Name="add_overall_switch_timing_summary_routed.rpx"/>
  <File Type="ROUTE-SIMILARITY" Name="add_overall_switch_incremental_reuse_routed.rpt"/>
  <File Type="ROUTE-CLK" Name="add_overall_switch_clock_utilization_routed.rpt"/>
  <File Type="POSTROUTE-PHYSOPT-DCP" Name="add_overall_switch_postroute_physopt.dcp"/>
  <File Type="POSTROUTE-PHYSOPT-BLACKBOX-DCP" Name="add_overall_switch_postroute_physopt_bb.dcp"/>
  <File Type="POSTROUTE-PHYSOPT-TIMING" Name="add_overall_switch_timing_summary_postroute_physopted.rpt"/>
  <File Type="POSTROUTE-PHYSOPT-TIMING-PB" Name="add_overall_switch_timing_summary_postroute_physopted.pb"/>
  <File Type="POSTROUTE-PHYSOPT-TIMING-RPX" Name="add_overall_switch_timing_summary_postroute_physopted.rpx"/>
  <File Type="BG-BIN" Name="add_overall_switch.bin"/>
  <File Type="BITSTR-MSK" Name="add_overall_switch.msk"/>
  <File Type="BITSTR-RBT" Name="add_overall_switch.rbt"/>
  <File Type="BITSTR-NKY" Name="add_overall_switch.nky"/>
  <File Type="BITSTR-BMM" Name="add_overall_switch_bd.bmm"/>
  <File Type="BITSTR-MMI" Name="add_overall_switch.mmi"/>
  <File Type="BITSTR-SYSDEF" Name="add_overall_switch.sysdef"/>
  <File Type="BG-BGN" Name="add_overall_switch.bgn"/>
  <File Type="BG-DRC" Name="add_overall_switch.drc"/>
  <File Type="WBT-USG" Name="usage_statistics_webtalk.html"/>
  <FileSet Name="sources" Type="DesignSrcs" RelSrcDir="$PSRCDIR/sources_1">
    <Filter Type="Srcs"/>
    <File Path="$PSRCDIR/sources_1/new/add_overall_switch.v">
      <FileInfo>
        <Attr Name="ImportPath" Val="$PPRDIR/../../../../../../../../Vivado/Lab_1_2/Lab_1_2.srcs/sources_1/new/add_overall_switch.v"/>
        <Attr Name="ImportTime" Val="1504508457"/>
        <Attr Name="UsedIn" Val="synthesis"/>
        <Attr Name="UsedIn" Val="implementation"/>
        <Attr Name="UsedIn" Val="simulation"/>
      </FileInfo>
    </File>
    <Config>
      <Option Name="DesignMode" Val="RTL"/>
      <Option Name="TopModule" Val="add_overall_switch"/>
      <Option Name="TopAutoSet" Val="TRUE"/>
    </Config>
  </FileSet>
  <FileSet Name="constrs_in" Type="Constrs" RelSrcDir="$PSRCDIR/constrs_1">
    <Filter Type="Constrs"/>
    <File Path="$PSRCDIR/constrs_1/imports/Source files/Basys3_Master.xdc">
      <FileInfo>
        <Attr Name="ImportPath" Val="$PPRDIR/../../../../../../../../OneDrive/Semester 1/EE2020 Digital Fundamentals/Source files/Basys3_Master.xdc"/>
        <Attr Name="ImportTime" Val="1504448174"/>
        <Attr Name="UsedIn" Val="synthesis"/>
        <Attr Name="UsedIn" Val="implementation"/>
      </FileInfo>
    </File>
    <Config>
      <Option Name="ConstrsType" Val="XDC"/>
    </Config>
  </FileSet>
  <Strategy Version="1" Minor="2">
    <StratHandle Name="Vivado Implementation Defaults" Flow="Vivado Implementation 2016"/>
    <Step Id="init_design"/>
    <Step Id="opt_design"/>
    <Step Id="power_opt_design"/>
    <Step Id="place_design"/>
    <Step Id="post_place_power_opt_design"/>
    <Step Id="phys_opt_design"/>
    <Step Id="route_design"/>
    <Step Id="post_route_phys_opt_design"/>
    <Step Id="write_bitstream"/>
  </Strategy>
</GenRun>
