<?xml version="1.0" encoding="UTF-8"?>
<GenRun Id="impl_1" LaunchPart="xc7a35tcpg236-1" LaunchTime="1504510426">
  <File Type="OPT-DCP" Name="multiplexer_opt.dcp"/>
  <File Type="ROUTE-STATUS-PB" Name="multiplexer_route_status.pb"/>
  <File Type="PA-TCL" Name="multiplexer.tcl"/>
  <File Type="RDI-RDI" Name="multiplexer.vdi"/>
  <File Type="PWROPT-DRC" Name="multiplexer_drc_pwropted.rpt"/>
  <File Type="OPT-METHODOLOGY-DRC" Name="multiplexer_methodology_drc_opted.rpt"/>
  <File Type="INIT-TIMING" Name="multiplexer_timing_summary_init.rpt"/>
  <File Type="OPT-DRC" Name="multiplexer_drc_opted.rpt"/>
  <File Type="PWROPT-DCP" Name="multiplexer_pwropt.dcp"/>
  <File Type="OPT-HWDEF" Name="multiplexer.hwdef"/>
  <File Type="OPT-TIMING" Name="multiplexer_timing_summary_opted.rpt"/>
  <File Type="PWROPT-TIMING" Name="multiplexer_timing_summary_pwropted.rpt"/>
  <File Type="PLACE-DCP" Name="multiplexer_placed.dcp"/>
  <File Type="PLACE-IO" Name="multiplexer_io_placed.rpt"/>
  <File Type="PLACE-CLK" Name="multiplexer_clock_utilization_placed.rpt"/>
  <File Type="PLACE-UTIL" Name="multiplexer_utilization_placed.rpt"/>
  <File Type="PLACE-UTIL-PB" Name="multiplexer_utilization_placed.pb"/>
  <File Type="PLACE-CTRL" Name="multiplexer_control_sets_placed.rpt"/>
  <File Type="PLACE-SIMILARITY" Name="multiplexer_incremental_reuse_placed.rpt"/>
  <File Type="PLACE-PRE-SIMILARITY" Name="multiplexer_incremental_reuse_pre_placed.rpt"/>
  <File Type="PLACE-TIMING" Name="multiplexer_timing_summary_placed.rpt"/>
  <File Type="POSTPLACE-PWROPT-DCP" Name="multiplexer_postplace_pwropt.dcp"/>
  <File Type="POSTPLACE-PWROPT-TIMING" Name="multiplexer_timing_summary_postplace_pwropted.rpt"/>
  <File Type="PHYSOPT-DCP" Name="multiplexer_physopt.dcp"/>
  <File Type="PHYSOPT-DRC" Name="multiplexer_drc_physopted.rpt"/>
  <File Type="PHYSOPT-TIMING" Name="multiplexer_timing_summary_physopted.rpt"/>
  <File Type="ROUTE-DCP" Name="multiplexer_routed.dcp"/>
  <File Type="ROUTE-BLACKBOX-DCP" Name="multiplexer_routed_bb.dcp"/>
  <File Type="ROUTE-DRC" Name="multiplexer_drc_routed.rpt"/>
  <File Type="ROUTE-DRC-PB" Name="multiplexer_drc_routed.pb"/>
  <File Type="ROUTE-METHODOLOGY-DRC" Name="multiplexer_methodology_drc_routed.rpt"/>
  <File Type="BG-BIT" Name="multiplexer.bit"/>
  <File Type="ROUTE-METHODOLOGY-DRC-PB" Name="multiplexer_methodology_drc_routed.pb"/>
  <File Type="ROUTE-PWR" Name="multiplexer_power_routed.rpt"/>
  <File Type="ROUTE-PWR-SUM" Name="multiplexer_power_summary_routed.pb"/>
  <File Type="ROUTE-PWR-RPX" Name="multiplexer_power_routed.rpx"/>
  <File Type="ROUTE-STATUS" Name="multiplexer_route_status.rpt"/>
  <File Type="ROUTE-TIMINGSUMMARY" Name="multiplexer_timing_summary_routed.rpt"/>
  <File Type="ROUTE-TIMING-PB" Name="multiplexer_timing_summary_routed.pb"/>
  <File Type="ROUTE-TIMING-RPX" Name="multiplexer_timing_summary_routed.rpx"/>
  <File Type="ROUTE-SIMILARITY" Name="multiplexer_incremental_reuse_routed.rpt"/>
  <File Type="ROUTE-CLK" Name="multiplexer_clock_utilization_routed.rpt"/>
  <File Type="POSTROUTE-PHYSOPT-DCP" Name="multiplexer_postroute_physopt.dcp"/>
  <File Type="POSTROUTE-PHYSOPT-BLACKBOX-DCP" Name="multiplexer_postroute_physopt_bb.dcp"/>
  <File Type="POSTROUTE-PHYSOPT-TIMING" Name="multiplexer_timing_summary_postroute_physopted.rpt"/>
  <File Type="POSTROUTE-PHYSOPT-TIMING-PB" Name="multiplexer_timing_summary_postroute_physopted.pb"/>
  <File Type="POSTROUTE-PHYSOPT-TIMING-RPX" Name="multiplexer_timing_summary_postroute_physopted.rpx"/>
  <File Type="BG-BIN" Name="multiplexer.bin"/>
  <File Type="BITSTR-MSK" Name="multiplexer.msk"/>
  <File Type="BITSTR-RBT" Name="multiplexer.rbt"/>
  <File Type="BITSTR-NKY" Name="multiplexer.nky"/>
  <File Type="BITSTR-BMM" Name="multiplexer_bd.bmm"/>
  <File Type="BITSTR-MMI" Name="multiplexer.mmi"/>
  <File Type="BITSTR-SYSDEF" Name="multiplexer.sysdef"/>
  <File Type="BG-BGN" Name="multiplexer.bgn"/>
  <File Type="BG-DRC" Name="multiplexer.drc"/>
  <File Type="WBT-USG" Name="usage_statistics_webtalk.html"/>
  <FileSet Name="sources" Type="DesignSrcs" RelSrcDir="$PSRCDIR/sources_1">
    <Filter Type="Srcs"/>
    <File Path="$PSRCDIR/sources_1/new/multiplexer.v">
      <FileInfo>
        <Attr Name="ImportPath" Val="$PPRDIR/../../../../../../../../Vivado/Lab_1_3/Lab_1_3.srcs/sources_1/new/multiplexer.v"/>
        <Attr Name="ImportTime" Val="1504510050"/>
        <Attr Name="UsedIn" Val="synthesis"/>
        <Attr Name="UsedIn" Val="implementation"/>
        <Attr Name="UsedIn" Val="simulation"/>
      </FileInfo>
    </File>
    <Config>
      <Option Name="DesignMode" Val="RTL"/>
      <Option Name="TopModule" Val="multiplexer"/>
      <Option Name="TopAutoSet" Val="TRUE"/>
    </Config>
  </FileSet>
  <FileSet Name="constrs_in" Type="Constrs" RelSrcDir="$PSRCDIR/constrs_1">
    <Filter Type="Constrs"/>
    <File Path="$PSRCDIR/constrs_1/imports/Source files/Basys3_Master.xdc">
      <FileInfo>
        <Attr Name="ImportPath" Val="$PPRDIR/../../../../../../../../OneDrive/Semester 1/EE2020 Digital Fundamentals/Source files/Basys3_Master.xdc"/>
        <Attr Name="ImportTime" Val="1504448174"/>
        <Attr Name="UsedIn" Val="synthesis"/>
        <Attr Name="UsedIn" Val="implementation"/>
      </FileInfo>
    </File>
    <Config>
      <Option Name="ConstrsType" Val="XDC"/>
    </Config>
  </FileSet>
  <Strategy Version="1" Minor="2">
    <StratHandle Name="Vivado Implementation Defaults" Flow="Vivado Implementation 2016"/>
    <Step Id="init_design"/>
    <Step Id="opt_design"/>
    <Step Id="power_opt_design"/>
    <Step Id="place_design"/>
    <Step Id="post_place_power_opt_design"/>
    <Step Id="phys_opt_design"/>
    <Step Id="route_design"/>
    <Step Id="post_route_phys_opt_design"/>
    <Step Id="write_bitstream"/>
  </Strategy>
</GenRun>
