<?xml version="1.0" encoding="UTF-8" ?>
<document>
<!--The data in this file is primarily intended for consumption by Xilinx tools.
The structure and the elements are likely to change over the next few releases.
This means code written to parse this file will need to be revisited each subsequent release.-->
<application name="pa" timeStamp="Mon Sep 18 16:34:59 2017">
<section name="Project Information" visible="false">
<property name="ProjectID" value="966d1c1411484bd1aaec97f00dadcc8b" type="ProjectID"/>
<property name="ProjectIteration" value="22" type="ProjectIteration"/>
</section>
<section name="PlanAhead Usage" visible="true">
<item name="Project Data">
<property name="SrcSetCount" value="1" type="SrcSetCount"/>
<property name="ConstraintSetCount" value="1" type="ConstraintSetCount"/>
<property name="DesignMode" value="RTL" type="DesignMode"/>
<property name="SynthesisStrategy" value="Vivado Synthesis Defaults" type="SynthesisStrategy"/>
<property name="ImplStrategy" value="Vivado Implementation Defaults" type="ImplStrategy"/>
</item>
<item name="Java Command Handlers">
<property name="AddSources" value="12" type="JavaHandler"/>
<property name="AutoConnectTarget" value="13" type="JavaHandler"/>
<property name="EditDelete" value="2" type="JavaHandler"/>
<property name="EditUndo" value="1" type="JavaHandler"/>
<property name="FileExit" value="2" type="JavaHandler"/>
<property name="LaunchProgramFpga" value="10" type="JavaHandler"/>
<property name="NewProject" value="1" type="JavaHandler"/>
<property name="OpenHardwareManager" value="16" type="JavaHandler"/>
<property name="OpenProject" value="1" type="JavaHandler"/>
<property name="OpenRecentTarget" value="12" type="JavaHandler"/>
<property name="ProgramDevice" value="5" type="JavaHandler"/>
<property name="RunBitgen" value="10" type="JavaHandler"/>
<property name="RunImplementation" value="11" type="JavaHandler"/>
<property name="RunSynthesis" value="15" type="JavaHandler"/>
<property name="SetTopNode" value="12" type="JavaHandler"/>
<property name="ShowView" value="2" type="JavaHandler"/>
<property name="SimulationRestart" value="5" type="JavaHandler"/>
<property name="SimulationRun" value="11" type="JavaHandler"/>
<property name="SimulationRunAll" value="1" type="JavaHandler"/>
<property name="SimulationRunForTime" value="7" type="JavaHandler"/>
<property name="WaveformSaveConfiguration" value="2" type="JavaHandler"/>
</item>
<item name="Gui Resources Info">
<property name="PAResourceCommand.PACommandNames_AUTO_CONNECT_TARGET, Auto Connect" value="1" type="GuiResourceData"/>
<property name="PAResourceCommand.PACommandNames_EXIT, Exit" value="1" type="GuiResourceData"/>
<property name="PAResourceEtoH.FlowNavigatorTreePanel_FLOW_NAVIGATOR_TREE, [, Program and Debug, Open Hardware Manager, Open Target], 24, false" value="1" type="GuiResourceData"/>
<property name="PAResourceItoN.MainMenuMgr_EXPORT, Export" value="1" type="GuiResourceData"/>
<property name="PAResourceItoN.MainMenuMgr_FILE, File" value="2" type="GuiResourceData"/>
<property name="PAResourceItoN.MainMenuMgr_OPEN_RECENT_FILE, Open Recent File" value="1" type="GuiResourceData"/>
<property name="PAResourceOtoP.ProgramDebugTab_PROGRAM_DEVICE, Program device" value="1" type="GuiResourceData"/>
<property name="PAResourceOtoP.ProgramFpgaDialog_PROGRAM, Program" value="1" type="GuiResourceData"/>
<property name="PAResourceTtoZ.TaskBanner_CLOSE, (String" value="1" type="GuiResourceData"/>
<property name="RDIResource.BaseDialog_CANCEL, Cancel" value="1" type="GuiResourceData"/>
<property name="RDIResource.BaseDialog_OK, OK" value="1" type="GuiResourceData"/>
<property name="RDIResource.MessageWithOptionDialog_DONT_SHOW_THIS_DIALOG_AGAIN, Don't show this dialog again, false" value="1" type="GuiResourceData"/>
<property name="single_pulse_counter.v, 127, 388" value="1" type="GuiResourceData"/>
</item>
<item name="Other">
<property name="GuiMode" value="10" type="GuiMode"/>
<property name="BatchMode" value="0" type="BatchMode"/>
<property name="TclMode" value="9" type="TclMode"/>
</item>
</section>
</application>
</document>
