<?xml version="1.0" encoding="UTF-8"?>
<GenRun Id="synth_1" LaunchPart="xc7a35tcpg236-1" LaunchTime="1505113379">
  <File Type="RDS-PROPCONSTRS" Name="my_4_bit_full_adder_drc_synth.rpt"/>
  <File Type="PA-TCL" Name="my_4_bit_full_adder.tcl"/>
  <File Type="RDS-RDS" Name="my_4_bit_full_adder.vds"/>
  <File Type="RDS-UTIL" Name="my_4_bit_full_adder_utilization_synth.rpt"/>
  <File Type="RDS-UTIL-PB" Name="my_4_bit_full_adder_utilization_synth.pb"/>
  <File Type="RDS-DCP" Name="my_4_bit_full_adder.dcp"/>
  <File Type="VDS-TIMINGSUMMARY" Name="my_4_bit_full_adder_timing_summary_synth.rpt"/>
  <File Type="VDS-TIMING-PB" Name="my_4_bit_full_adder_timing_summary_synth.pb"/>
  <FileSet Name="sources" Type="DesignSrcs" RelSrcDir="$PSRCDIR/sources_1">
    <Filter Type="Srcs"/>
    <File Path="$PSRCDIR/sources_1/new/my_full_adder.v">
      <FileInfo>
        <Attr Name="ImportPath" Val="$PPRDIR/../../../../../../../../Vivado/Lab_2_1/Lab_2_1.srcs/sources_1/new/my_full_adder.v"/>
        <Attr Name="ImportTime" Val="1505111636"/>
        <Attr Name="UsedIn" Val="synthesis"/>
        <Attr Name="UsedIn" Val="implementation"/>
        <Attr Name="UsedIn" Val="simulation"/>
      </FileInfo>
    </File>
    <File Path="$PSRCDIR/sources_1/new/my_4_bit_full_adder.v">
      <FileInfo>
        <Attr Name="ImportPath" Val="$PPRDIR/../../../../../../../../Vivado/Lab_2_1/Lab_2_1.srcs/sources_1/new/my_4_bit_full_adder.v"/>
        <Attr Name="ImportTime" Val="1505059637"/>
        <Attr Name="UsedIn" Val="synthesis"/>
        <Attr Name="UsedIn" Val="implementation"/>
        <Attr Name="UsedIn" Val="simulation"/>
      </FileInfo>
    </File>
    <File Path="$PSRCDIR/sources_1/new/my_2_bit_full_adder.v">
      <FileInfo>
        <Attr Name="AutoDisabled" Val="1"/>
        <Attr Name="ImportPath" Val="$PPRDIR/../../../../../../../../Vivado/Lab_2_1/Lab_2_1.srcs/sources_1/new/my_2_bit_full_adder.v"/>
        <Attr Name="ImportTime" Val="1505112665"/>
        <Attr Name="UsedIn" Val="synthesis"/>
        <Attr Name="UsedIn" Val="implementation"/>
        <Attr Name="UsedIn" Val="simulation"/>
      </FileInfo>
    </File>
    <File Path="$PSRCDIR/sources_1/new/my_4_bit_full_adder_simulation.v">
      <FileInfo>
        <Attr Name="AutoDisabled" Val="1"/>
        <Attr Name="ImportPath" Val="$PPRDIR/../../../../../../../../Vivado/Lab_2_1/Lab_2_1.srcs/sources_1/new/my_4_bit_full_adder_simulation.v"/>
        <Attr Name="ImportTime" Val="1505061200"/>
        <Attr Name="UsedIn" Val="synthesis"/>
        <Attr Name="UsedIn" Val="implementation"/>
        <Attr Name="UsedIn" Val="simulation"/>
      </FileInfo>
    </File>
    <Config>
      <Option Name="DesignMode" Val="RTL"/>
      <Option Name="TopModule" Val="my_4_bit_full_adder"/>
    </Config>
  </FileSet>
  <FileSet Name="constrs_in" Type="Constrs" RelSrcDir="$PSRCDIR/constrs_1">
    <Filter Type="Constrs"/>
    <File Path="$PSRCDIR/constrs_1/imports/Source files/Basys3_Master.xdc">
      <FileInfo>
        <Attr Name="ImportPath" Val="$PPRDIR/../../../../../../../../OneDrive/Semester 1/EE2020 Digital Fundamentals/Source files/Basys3_Master.xdc"/>
        <Attr Name="ImportTime" Val="1504448174"/>
        <Attr Name="UsedIn" Val="synthesis"/>
        <Attr Name="UsedIn" Val="implementation"/>
      </FileInfo>
    </File>
    <Config>
      <Option Name="ConstrsType" Val="XDC"/>
    </Config>
  </FileSet>
  <Strategy Version="1" Minor="2">
    <StratHandle Name="Vivado Synthesis Defaults" Flow="Vivado Synthesis 2016"/>
    <Step Id="synth_design"/>
  </Strategy>
</GenRun>
