<?xml version="1.0" encoding="UTF-8"?>
<GenRun Id="impl_1" LaunchPart="xc7a35tcpg236-1" LaunchTime="1505058162">
  <File Type="ROUTE-STATUS-PB" Name="my_full_adder_route_status.pb"/>
  <File Type="PA-TCL" Name="my_full_adder.tcl"/>
  <File Type="OPT-DCP" Name="my_full_adder_opt.dcp"/>
  <File Type="INIT-TIMING" Name="my_full_adder_timing_summary_init.rpt"/>
  <File Type="OPT-METHODOLOGY-DRC" Name="my_full_adder_methodology_drc_opted.rpt"/>
  <File Type="RDI-RDI" Name="my_full_adder.vdi"/>
  <File Type="PWROPT-DRC" Name="my_full_adder_drc_pwropted.rpt"/>
  <File Type="OPT-DRC" Name="my_full_adder_drc_opted.rpt"/>
  <File Type="PWROPT-DCP" Name="my_full_adder_pwropt.dcp"/>
  <File Type="OPT-HWDEF" Name="my_full_adder.hwdef"/>
  <File Type="OPT-TIMING" Name="my_full_adder_timing_summary_opted.rpt"/>
  <File Type="PWROPT-TIMING" Name="my_full_adder_timing_summary_pwropted.rpt"/>
  <File Type="PLACE-DCP" Name="my_full_adder_placed.dcp"/>
  <File Type="PLACE-IO" Name="my_full_adder_io_placed.rpt"/>
  <File Type="PLACE-CLK" Name="my_full_adder_clock_utilization_placed.rpt"/>
  <File Type="PLACE-UTIL" Name="my_full_adder_utilization_placed.rpt"/>
  <File Type="PLACE-UTIL-PB" Name="my_full_adder_utilization_placed.pb"/>
  <File Type="PLACE-CTRL" Name="my_full_adder_control_sets_placed.rpt"/>
  <File Type="PLACE-SIMILARITY" Name="my_full_adder_incremental_reuse_placed.rpt"/>
  <File Type="PLACE-PRE-SIMILARITY" Name="my_full_adder_incremental_reuse_pre_placed.rpt"/>
  <File Type="PLACE-TIMING" Name="my_full_adder_timing_summary_placed.rpt"/>
  <File Type="POSTPLACE-PWROPT-DCP" Name="my_full_adder_postplace_pwropt.dcp"/>
  <File Type="POSTPLACE-PWROPT-TIMING" Name="my_full_adder_timing_summary_postplace_pwropted.rpt"/>
  <File Type="PHYSOPT-DCP" Name="my_full_adder_physopt.dcp"/>
  <File Type="PHYSOPT-DRC" Name="my_full_adder_drc_physopted.rpt"/>
  <File Type="PHYSOPT-TIMING" Name="my_full_adder_timing_summary_physopted.rpt"/>
  <File Type="ROUTE-DCP" Name="my_full_adder_routed.dcp"/>
  <File Type="ROUTE-BLACKBOX-DCP" Name="my_full_adder_routed_bb.dcp"/>
  <File Type="ROUTE-DRC" Name="my_full_adder_drc_routed.rpt"/>
  <File Type="ROUTE-DRC-PB" Name="my_full_adder_drc_routed.pb"/>
  <File Type="ROUTE-METHODOLOGY-DRC" Name="my_full_adder_methodology_drc_routed.rpt"/>
  <File Type="ROUTE-METHODOLOGY-DRC-PB" Name="my_full_adder_methodology_drc_routed.pb"/>
  <File Type="BG-BIT" Name="my_full_adder.bit"/>
  <File Type="ROUTE-PWR" Name="my_full_adder_power_routed.rpt"/>
  <File Type="ROUTE-PWR-SUM" Name="my_full_adder_power_summary_routed.pb"/>
  <File Type="ROUTE-PWR-RPX" Name="my_full_adder_power_routed.rpx"/>
  <File Type="ROUTE-STATUS" Name="my_full_adder_route_status.rpt"/>
  <File Type="ROUTE-TIMINGSUMMARY" Name="my_full_adder_timing_summary_routed.rpt"/>
  <File Type="ROUTE-TIMING-PB" Name="my_full_adder_timing_summary_routed.pb"/>
  <File Type="ROUTE-TIMING-RPX" Name="my_full_adder_timing_summary_routed.rpx"/>
  <File Type="ROUTE-SIMILARITY" Name="my_full_adder_incremental_reuse_routed.rpt"/>
  <File Type="ROUTE-CLK" Name="my_full_adder_clock_utilization_routed.rpt"/>
  <File Type="POSTROUTE-PHYSOPT-DCP" Name="my_full_adder_postroute_physopt.dcp"/>
  <File Type="POSTROUTE-PHYSOPT-BLACKBOX-DCP" Name="my_full_adder_postroute_physopt_bb.dcp"/>
  <File Type="POSTROUTE-PHYSOPT-TIMING" Name="my_full_adder_timing_summary_postroute_physopted.rpt"/>
  <File Type="POSTROUTE-PHYSOPT-TIMING-PB" Name="my_full_adder_timing_summary_postroute_physopted.pb"/>
  <File Type="POSTROUTE-PHYSOPT-TIMING-RPX" Name="my_full_adder_timing_summary_postroute_physopted.rpx"/>
  <File Type="BG-BIN" Name="my_full_adder.bin"/>
  <File Type="BITSTR-MSK" Name="my_full_adder.msk"/>
  <File Type="BITSTR-RBT" Name="my_full_adder.rbt"/>
  <File Type="BITSTR-NKY" Name="my_full_adder.nky"/>
  <File Type="BITSTR-BMM" Name="my_full_adder_bd.bmm"/>
  <File Type="BITSTR-MMI" Name="my_full_adder.mmi"/>
  <File Type="BITSTR-SYSDEF" Name="my_full_adder.sysdef"/>
  <File Type="BG-BGN" Name="my_full_adder.bgn"/>
  <File Type="BG-DRC" Name="my_full_adder.drc"/>
  <File Type="WBT-USG" Name="usage_statistics_webtalk.html"/>
  <FileSet Name="sources" Type="DesignSrcs" RelSrcDir="$PSRCDIR/sources_1">
    <Filter Type="Srcs"/>
    <File Path="$PSRCDIR/sources_1/new/my_full_adder.v">
      <FileInfo>
        <Attr Name="ImportPath" Val="$PPRDIR/../../../../../../../../Vivado/Lab_2_1/Lab_2_1.srcs/sources_1/new/my_full_adder.v"/>
        <Attr Name="ImportTime" Val="1505057438"/>
        <Attr Name="UsedIn" Val="synthesis"/>
        <Attr Name="UsedIn" Val="implementation"/>
        <Attr Name="UsedIn" Val="simulation"/>
      </FileInfo>
    </File>
    <Config>
      <Option Name="DesignMode" Val="RTL"/>
      <Option Name="TopModule" Val="my_full_adder"/>
      <Option Name="TopAutoSet" Val="TRUE"/>
    </Config>
  </FileSet>
  <FileSet Name="constrs_in" Type="Constrs" RelSrcDir="$PSRCDIR/constrs_1">
    <Filter Type="Constrs"/>
    <File Path="$PSRCDIR/constrs_1/imports/Source files/Basys3_Master.xdc">
      <FileInfo>
        <Attr Name="ImportPath" Val="$PPRDIR/../../../../../../../../OneDrive/Semester 1/EE2020 Digital Fundamentals/Source files/Basys3_Master.xdc"/>
        <Attr Name="ImportTime" Val="1504448174"/>
        <Attr Name="UsedIn" Val="synthesis"/>
        <Attr Name="UsedIn" Val="implementation"/>
      </FileInfo>
    </File>
    <Config>
      <Option Name="ConstrsType" Val="XDC"/>
    </Config>
  </FileSet>
  <Strategy Version="1" Minor="2">
    <StratHandle Name="Vivado Implementation Defaults" Flow="Vivado Implementation 2016"/>
    <Step Id="init_design"/>
    <Step Id="opt_design"/>
    <Step Id="power_opt_design"/>
    <Step Id="place_design"/>
    <Step Id="post_place_power_opt_design"/>
    <Step Id="phys_opt_design"/>
    <Step Id="route_design"/>
    <Step Id="post_route_phys_opt_design"/>
    <Step Id="write_bitstream"/>
  </Strategy>
</GenRun>
