<?xml version="1.0" encoding="UTF-8"?>
<GenRun Id="synth_1" LaunchPart="xc7a35tcpg236-1" LaunchTime="1504453408">
  <File Type="RDS-PROPCONSTRS" Name="my_control_module_drc_synth.rpt"/>
  <File Type="PA-TCL" Name="my_control_module.tcl"/>
  <File Type="RDS-RDS" Name="my_control_module.vds"/>
  <File Type="RDS-UTIL" Name="my_control_module_utilization_synth.rpt"/>
  <File Type="RDS-UTIL-PB" Name="my_control_module_utilization_synth.pb"/>
  <File Type="RDS-DCP" Name="my_control_module.dcp"/>
  <File Type="VDS-TIMINGSUMMARY" Name="my_control_module_timing_summary_synth.rpt"/>
  <File Type="VDS-TIMING-PB" Name="my_control_module_timing_summary_synth.pb"/>
  <FileSet Name="sources" Type="DesignSrcs" RelSrcDir="$PSRCDIR/sources_1">
    <Filter Type="Srcs"/>
    <File Path="$PSRCDIR/sources_1/new/simple_boolean.v">
      <FileInfo>
        <Attr Name="ImportPath" Val="$PPRDIR/../../../../../../../../Vivado/Lab_1/Lab_1.srcs/sources_1/new/simple_boolean.v"/>
        <Attr Name="ImportTime" Val="1504448610"/>
        <Attr Name="UsedIn" Val="synthesis"/>
        <Attr Name="UsedIn" Val="implementation"/>
        <Attr Name="UsedIn" Val="simulation"/>
      </FileInfo>
    </File>
    <Config>
      <Option Name="DesignMode" Val="RTL"/>
      <Option Name="TopModule" Val="my_control_module"/>
      <Option Name="TopAutoSet" Val="TRUE"/>
    </Config>
  </FileSet>
  <FileSet Name="constrs_in" Type="Constrs" RelSrcDir="$PSRCDIR/constrs_1">
    <Filter Type="Constrs"/>
    <File Path="$PSRCDIR/constrs_1/new/lab_1_constraints.xdc">
      <FileInfo>
        <Attr Name="ImportPath" Val="$PPRDIR/../../../../../../../../Vivado/Lab_1/Lab_1.srcs/constrs_1/new/lab_1_constraints.xdc"/>
        <Attr Name="ImportTime" Val="1504451825"/>
        <Attr Name="UsedIn" Val="synthesis"/>
        <Attr Name="UsedIn" Val="implementation"/>
      </FileInfo>
    </File>
    <Config>
      <Option Name="ConstrsType" Val="XDC"/>
    </Config>
  </FileSet>
  <Strategy Version="1" Minor="2">
    <StratHandle Name="Vivado Synthesis Defaults" Flow="Vivado Synthesis 2016"/>
    <Step Id="synth_design"/>
  </Strategy>
</GenRun>
