<?xml version="1.0" encoding="UTF-8"?>
<GenRun Id="synth_1" LaunchPart="xc7a35tcpg236-1" LaunchTime="1504510341">
  <File Type="RDS-PROPCONSTRS" Name="multiplexer_drc_synth.rpt"/>
  <File Type="PA-TCL" Name="multiplexer.tcl"/>
  <File Type="RDS-RDS" Name="multiplexer.vds"/>
  <File Type="RDS-UTIL" Name="multiplexer_utilization_synth.rpt"/>
  <File Type="RDS-UTIL-PB" Name="multiplexer_utilization_synth.pb"/>
  <File Type="RDS-DCP" Name="multiplexer.dcp"/>
  <File Type="VDS-TIMINGSUMMARY" Name="multiplexer_timing_summary_synth.rpt"/>
  <File Type="VDS-TIMING-PB" Name="multiplexer_timing_summary_synth.pb"/>
  <FileSet Name="sources" Type="DesignSrcs" RelSrcDir="$PSRCDIR/sources_1">
    <Filter Type="Srcs"/>
    <File Path="$PSRCDIR/sources_1/new/multiplexer.v">
      <FileInfo>
        <Attr Name="ImportPath" Val="$PPRDIR/../../../../../../../../Vivado/Lab_1_3/Lab_1_3.srcs/sources_1/new/multiplexer.v"/>
        <Attr Name="ImportTime" Val="1504510050"/>
        <Attr Name="UsedIn" Val="synthesis"/>
        <Attr Name="UsedIn" Val="implementation"/>
        <Attr Name="UsedIn" Val="simulation"/>
      </FileInfo>
    </File>
    <Config>
      <Option Name="DesignMode" Val="RTL"/>
      <Option Name="TopModule" Val="multiplexer"/>
      <Option Name="TopAutoSet" Val="TRUE"/>
    </Config>
  </FileSet>
  <FileSet Name="constrs_in" Type="Constrs" RelSrcDir="$PSRCDIR/constrs_1">
    <Filter Type="Constrs"/>
    <File Path="$PSRCDIR/constrs_1/imports/Source files/Basys3_Master.xdc">
      <FileInfo>
        <Attr Name="ImportPath" Val="$PPRDIR/../../../../../../../../OneDrive/Semester 1/EE2020 Digital Fundamentals/Source files/Basys3_Master.xdc"/>
        <Attr Name="ImportTime" Val="1504448174"/>
        <Attr Name="UsedIn" Val="synthesis"/>
        <Attr Name="UsedIn" Val="implementation"/>
      </FileInfo>
    </File>
    <Config>
      <Option Name="ConstrsType" Val="XDC"/>
    </Config>
  </FileSet>
  <Strategy Version="1" Minor="2">
    <StratHandle Name="Vivado Synthesis Defaults" Flow="Vivado Synthesis 2016"/>
    <Step Id="synth_design"/>
  </Strategy>
</GenRun>
