<?xml version="1.0" encoding="UTF-8" ?>
<document>
<!--The data in this file is primarily intended for consumption by Xilinx tools.
The structure and the elements are likely to change over the next few releases.
This means code written to parse this file will need to be revisited each subsequent release.-->
<application name="pa" timeStamp="Mon Sep 11 15:27:43 2017">
<section name="Project Information" visible="false">
<property name="ProjectID" value="1e7937df154d41c182329d56e2b147ad" type="ProjectID"/>
<property name="ProjectIteration" value="7" type="ProjectIteration"/>
</section>
<section name="PlanAhead Usage" visible="true">
<item name="Project Data">
<property name="SrcSetCount" value="1" type="SrcSetCount"/>
<property name="ConstraintSetCount" value="1" type="ConstraintSetCount"/>
<property name="DesignMode" value="RTL" type="DesignMode"/>
<property name="SynthesisStrategy" value="Vivado Synthesis Defaults" type="SynthesisStrategy"/>
<property name="ImplStrategy" value="Vivado Implementation Defaults" type="ImplStrategy"/>
</item>
<item name="Java Command Handlers">
<property name="AddSources" value="5" type="JavaHandler"/>
<property name="ArchiveProject" value="2" type="JavaHandler"/>
<property name="AutoConnectTarget" value="3" type="JavaHandler"/>
<property name="CloseProject" value="3" type="JavaHandler"/>
<property name="EditDelete" value="1" type="JavaHandler"/>
<property name="EditUndo" value="1" type="JavaHandler"/>
<property name="HelpAbout" value="1" type="JavaHandler"/>
<property name="LaunchProgramFpga" value="4" type="JavaHandler"/>
<property name="NewProject" value="1" type="JavaHandler"/>
<property name="OpenHardwareManager" value="7" type="JavaHandler"/>
<property name="OpenProject" value="2" type="JavaHandler"/>
<property name="OpenRecentTarget" value="3" type="JavaHandler"/>
<property name="ProgramDevice" value="4" type="JavaHandler"/>
<property name="ProjectSettingsCmdHandler" value="1" type="JavaHandler"/>
<property name="RefreshDevice" value="1" type="JavaHandler"/>
<property name="RunBitgen" value="3" type="JavaHandler"/>
<property name="RunImplementation" value="3" type="JavaHandler"/>
<property name="RunSchematic" value="9" type="JavaHandler"/>
<property name="RunSynthesis" value="2" type="JavaHandler"/>
<property name="SetTopNode" value="9" type="JavaHandler"/>
<property name="SimulationClose" value="1" type="JavaHandler"/>
<property name="SimulationRun" value="13" type="JavaHandler"/>
<property name="ViewLayoutCmd" value="2" type="JavaHandler"/>
<property name="ViewTaskImplementation" value="1" type="JavaHandler"/>
<property name="WaveformSaveConfiguration" value="1" type="JavaHandler"/>
</item>
<item name="Gui Resources Info">
<property name="Basys3_Master.xdc, 136, 139" value="1" type="GuiResourceData"/>
<property name="Basys3_Master.xdc, 171, 357" value="1" type="GuiResourceData"/>
<property name="Basys3_Master.xdc, 220, 311" value="1" type="GuiResourceData"/>
<property name="Basys3_Master.xdc, 365, 223" value="1" type="GuiResourceData"/>
<property name="PAResourceAtoD.CmdMsgDialog_OK, OK" value="1" type="GuiResourceData"/>
<property name="PAResourceCommand.PACommandNames_AUTO_CONNECT_TARGET, Auto Connect" value="1" type="GuiResourceData"/>
<property name="PAResourceEtoH.FileSetPanel_FILE_SET_PANEL_TREE, [root, Design Sources, my_4_bit_full_adder_simulation (my_4_bit_full_adder_simulation.v" value="3" type="GuiResourceData"/>
<property name="PAResourceEtoH.FlowNavigatorTreePanel_FLOW_NAVIGATOR_TREE, [, Program and Debug, Hardware Manager, Program Device], 17, false" value="1" type="GuiResourceData"/>
<property name="PAResourceEtoH.FlowNavigatorTreePanel_FLOW_NAVIGATOR_TREE, [, Program and Debug, Open Hardware Manager, Open Target], 16, false" value="1" type="GuiResourceData"/>
<property name="PAResourceEtoH.FlowNavigatorTreePanel_FLOW_NAVIGATOR_TREE, [, Program and Debug, Open Hardware Manager], 15" value="1" type="GuiResourceData"/>
<property name="PAResourceOtoP.PAViews_CODE, Code" value="3" type="GuiResourceData"/>
<property name="PAResourceOtoP.ProgramFpgaDialog_PROGRAM, Program" value="1" type="GuiResourceData"/>
<property name="PAResourceTtoZ.TaskBanner_CLOSE, (String" value="2" type="GuiResourceData"/>
<property name="RDIResource.BaseDialog_CANCEL, Cancel" value="1" type="GuiResourceData"/>
<property name="RDIResource.BaseDialog_OK, OK" value="2" type="GuiResourceData"/>
<property name="RDIResource.MessageWithOptionDialog_DONT_SHOW_THIS_DIALOG_AGAIN, Don't show this dialog again, false" value="2" type="GuiResourceData"/>
<property name="my_4_bit_full_adder.v, 30, 351" value="1" type="GuiResourceData"/>
<property name="my_4_bit_full_adder.v, 41, 337" value="1" type="GuiResourceData"/>
<property name="my_4_bit_full_adder.v, 78, 43" value="1" type="GuiResourceData"/>
<property name="my_4_bit_full_adder.v, 78, 43, false, false, false, true, false" value="1" type="GuiResourceData"/>
<property name="my_4_bit_full_adder.v, 91, 48, false, false, false, true, false" value="1" type="GuiResourceData"/>
</item>
<item name="Other">
<property name="GuiMode" value="7" type="GuiMode"/>
<property name="BatchMode" value="0" type="BatchMode"/>
<property name="TclMode" value="6" type="TclMode"/>
</item>
</section>
</application>
</document>
